Opium Barcelona	9	17	Thu	23:30	05:00	18	reggaeton, hits	Jet Lag
Opium Barcelona	9	18	Fri	23:30	06:00	18	hits	Addicted
Opium Barcelona	9	19	Sat	23:30	06:00	18	hits	Just Opium
Opium Barcelona	9	20	Sun	23:30	05:00	18	reggaeton, hits	Mandrake
Opium Barcelona	9	21	Mon	23:30	05:00	18	edm, house	Holy Sh*t
Opium Barcelona	9	22	Tue	23:30	05:00	18	reggaeton, hits	Ladies Night
Opium Barcelona	9	23	Wed	23:30	05:00	18	hits	GORDO WAA!!!
Opium Barcelona	9	24	Thu	23:30	05:00	18	reggaeton, hits	Jet Lag
Opium Barcelona	9	25	Fri	23:30	06:00	18	hits	Addicted
Opium Barcelona	9	26	Sat	23:30	06:00	18	hits	Just Opium
Opium Barcelona	9	27	Sun	23:30	05:00	18	reggaeton, hits	Mandrake
Opium Barcelona	9	28	Mon	23:30	05:00	18	edm, house	Holy Sh*t
Opium Barcelona	9	29	Tue	23:30	05:00	18	reggaeton, hits	Ladies Night
Opium Barcelona	9	30	Wed	23:30	05:00	18	hits	FULL PARTY
Opium Barcelona	10	1	Thu	23:30	05:00	18	reggaeton, hits	Jet Lag
Opium Barcelona	10	2	Fri	23:30	06:00	18	hits	Addicted
Opium Barcelona	10	3	Sat	23:30	06:00	18	hits	Just Opium
Opium Barcelona	10	4	Sun	23:30	05:00	18	reggaeton, hits	Mandrake
Opium Barcelona	10	5	Mon	23:30	05:00	18	edm, house	Holy Sh*t
Opium Barcelona	10	6	Tue	23:30	05:00	18	reggaeton, hits	Ladies Night
Opium Barcelona	10	7	Wed	23:30	05:00	18	hits	FULL PARTY
Opium Barcelona	10	8	Thu	23:30	05:00	18	reggaeton, hits	Jet Lag
Opium Barcelona	10	9	Fri	23:30	06:00	18	hits	WADE WAA!!!
Opium Barcelona	10	10	Sat	23:30	06:00	18	hits	Just Opium
Opium Barcelona	10	11	Sun	23:30	05:00	18	reggaeton, hits	Mandrake
Opium Barcelona	10	12	Mon	23:30	05:00	18	edm, house	Holy Sh*t
Opium Barcelona	10	13	Tue	23:30	05:00	18	reggaeton, hits	Ladies Night
Opium Barcelona	10	14	Wed	23:30	05:00	18	hits	FULL PARTY
Opium Barcelona	10	15	Thu	23:30	05:00	18	reggaeton, hits	Jet Lag
Opium Barcelona	10	16	Fri	23:30	06:00	18	hits	Addicted
Opium Barcelona	10	17	Sat	23:30	06:00	18	hits	Just Opium
Opium Barcelona	10	18	Sun	23:30	05:00	18	reggaeton, hits	Mandrake
Opium Barcelona	10	19	Mon	23:30	05:00	18	edm, house	Holy Sh*t
Opium Barcelona	10	20	Tue	23:30	05:00	18	reggaeton, hits	Ladies Night
Opium Barcelona	10	21	Wed	23:30	05:00	18	hits	FULL PARTY
Opium Barcelona	10	22	Thu	23:30	05:00	18	reggaeton, hits	Jet Lag
Opium Barcelona	10	23	Fri	23:30	06:00	18	hits	Addicted
Opium Barcelona	10	24	Sat	23:30	05:00	18	hits	Just Opium
Opium Barcelona	10	25	Sun	22:30	04:00	18	reggaeton, hits	Mandrake
Opium Barcelona	10	26	Mon	23:30	05:00	18	edm, house	Holy Sh*t
Opium Barcelona	10	27	Tue	23:30	05:00	18	reggaeton, hits	Ladies Night
Opium Barcelona	10	28	Wed	23:30	05:00	18	hits	FULL PARTY
Opium Barcelona	10	29	Thu	23:30	05:00	18	reggaeton, hits	HALLOWEEKEND DAY 1
Opium Barcelona	10	30	Fri	23:30	06:00	18	hits	HALLOWEEKEND DAY 2
Opium Barcelona	10	31	Sat	23:30	06:00	18	hits	HALLOWEEKEND DAY 3
Opium Barcelona	11	1	Sun	23:30	05:00	18	reggaeton, hits	HALLOWEEKEND DAY 4
Opium Barcelona	11	2	Mon	23:30	05:00	18	edm, house	Holy Sh*t
Opium Barcelona	11	3	Tue	23:30	05:00	18	reggaeton, hits	Ladies Night
Opium Barcelona	11	4	Wed	23:30	05:00	18	hits	FULL PARTY
Opium Barcelona	11	5	Thu	23:30	05:00	18	reggaeton, hits	Jet Lag
Opium Barcelona	11	6	Fri	23:30	06:00	18	hits	Addicted
Opium Barcelona	11	7	Sat	23:30	06:00	18	hits	Just Opium
Opium Barcelona	11	8	Sun	23:30	05:00	18	reggaeton, hits	Mandrake
Opium Barcelona	11	9	Mon	23:30	05:00	18	edm, house	Holy Sh*t
Opium Barcelona	11	10	Tue	23:30	05:00	18	reggaeton, hits	Ladies Night
Opium Barcelona	11	11	Wed	23:30	05:00	18	hits	FULL PARTY
Opium Barcelona	11	12	Thu	23:30	05:00	18	reggaeton, hits	Jet Lag
Opium Barcelona	11	13	Fri	23:30	06:00	18	hits	Addicted
Opium Barcelona	11	14	Sat	23:30	06:00	18	hits	Just Opium
Opium Barcelona	11	15	Sun	23:30	05:00	18	reggaeton, hits	Mandrake
Opium Barcelona	11	16	Mon	23:30	05:00	18	edm, house	Holy Sh*t
Opium Barcelona	11	17	Tue	23:30	05:00	18	reggaeton, hits	Ladies Night
Opium Barcelona	11	18	Wed	23:30	05:00	18	hits	FULL PARTY
Opium Barcelona	11	19	Thu	23:30	05:00	18	reggaeton, hits	Jet Lag
Opium Barcelona	11	20	Fri	23:30	06:00	18	hits	Addicted
Opium Barcelona	11	21	Sat	23:30	06:00	18	hits	Just Opium
Opium Barcelona	11	22	Sun	23:30	05:00	18	reggaeton, hits	Mandrake
Opium Barcelona	11	23	Mon	23:30	05:00	18	edm, house	Holy Sh*t
Opium Barcelona	11	24	Tue	23:30	05:00	18	reggaeton, hits	Ladies Night
Opium Barcelona	11	25	Wed	23:30	05:00	18	hits	FULL PARTY
Opium Barcelona	11	26	Thu	23:30	05:00	18	reggaeton, hits	Jet Lag
Opium Barcelona	11	27	Fri	23:30	06:00	18	hits	Addicted
Opium Barcelona	11	28	Sat	23:30	06:00	18	hits	Just Opium
Opium Barcelona	11	29	Sun	23:30	05:00	18	reggaeton, hits	Mandrake
Opium Barcelona	11	30	Mon	23:30	05:00	18	edm, house	Holy Sh*t
Ku Barcelona	9	17	Thu	23:45	05:00	18	reggaeton, r&b, hits, hip-hop, afrobeat	BAE
Ku Barcelona	9	18	Fri	23:45	05:45	18	reggaeton, r&b, hits, hip-hop, afrobeat	FRIYAY
Ku Barcelona	9	19	Sat	00:00	05:45	18	house, tech-house	RED ROOM | AVALON
Ku Barcelona	9	19	Sat	23:45	05:45	18	reggaeton, r&b, hits, hip-hop, afrobeat	PEGAO
Ku Barcelona	9	20	Sun	00:00	05:45	18	techno	RED ROOM | LA DOS
Ku Barcelona	9	20	Sun	23:30	05:00	18	house, tech-house	CJ Jeff
Ku Barcelona	9	21	Mon	00:00	05:45	18	reggaeton, r&b, afrobeat, comercial	RED ROOM | DLOCOS
Ku Barcelona	9	21	Mon	23:45	05:00	18	reggaeton, r&b, hits, afrobeat	MONEY MONDAYS
Ku Barcelona	9	22	Tue	23:45	05:00	18	reggaeton, r&b, hits, hip-hop, afrobeat	BADASS
Ku Barcelona	9	23	Wed	23:45	05:00	18	reggaeton, r&b, hits, hip-hop, afrobeat	GUAYA PROJECT
Ku Barcelona	9	24	Thu	23:45	05:00	18	reggaeton, r&b, hits, hip-hop, afrobeat	BAE
Ku Barcelona	9	25	Fri	23:45	05:45	18	reggaeton, r&b, hits, hip-hop, afrobeat	FRIYAY
Ku Barcelona	9	26	Sat	00:00	05:45	18	house, tech-house	RED ROOM | AVALON
Ku Barcelona	9	26	Sat	23:45	05:45	18	reggaeton, r&b, hits, hip-hop, afrobeat	PEGAO
Ku Barcelona	9	27	Sun	00:00	05:45	18	techno	RED ROOM | LA DOS
Ku Barcelona	9	27	Sun	23:30	05:00	18	house, tech-house	Sebastián Peña (COL)
Ku Barcelona	9	28	Mon	00:00	05:45	18	reggaeton, r&b, afrobeat, comercial	RED ROOM | DLOCOS
Ku Barcelona	9	28	Mon	23:45	05:00	18	reggaeton, r&b, hits, afrobeat	MONEY MONDAYS
Ku Barcelona	9	29	Tue	23:45	05:00	18	reggaeton, r&b, hits, hip-hop, afrobeat	BADASS
Ku Barcelona	9	30	Wed	23:45	05:00	18	reggaeton, r&b, hits, hip-hop, afrobeat	GUAYA PROJECT
Ku Barcelona	10	1	Thu	23:45	05:00	18	reggaeton, r&b, hits, hip-hop, afrobeat	BAE
Ku Barcelona	10	2	Fri	23:45	05:45	18	reggaeton, r&b, hits, hip-hop, afrobeat	FRIYAY
Ku Barcelona	10	3	Sat	00:00	05:45	18	house, tech-house	RED ROOM | AVALON
Ku Barcelona	10	3	Sat	23:45	05:45	18	reggaeton, r&b, hits, hip-hop, afrobeat	PEGAO
Ku Barcelona	10	4	Sun	00:00	05:45	18	techno	RED ROOM | LA DOS
Ku Barcelona	10	4	Sun	23:30	05:00	18	techno	SIGHT
Ku Barcelona	10	5	Mon	00:00	05:45	18	reggaeton, r&b, afrobeat, comercial	RED ROOM | DLOCOS
Ku Barcelona	10	5	Mon	23:45	05:00	18	reggaeton, r&b, hits, afrobeat	MONEY MONDAYS
Ku Barcelona	10	6	Tue	23:45	05:00	18	reggaeton, r&b, hits, hip-hop, afrobeat	BADASS
Ku Barcelona	10	7	Wed	23:45	05:00	18	reggaeton, r&b, hits, hip-hop, afrobeat	GUAYA PROJECT
Ku Barcelona	10	8	Thu	23:45	05:00	18	reggaeton, r&b, hits, hip-hop, afrobeat	BAE
Ku Barcelona	10	9	Fri	23:45	05:45	18	reggaeton, r&b, hits, hip-hop, afrobeat	FRIYAY
Ku Barcelona	10	10	Sat	00:00	05:45	18	house, tech-house	RED ROOM | AVALON
Ku Barcelona	10	10	Sat	23:45	05:45	18	reggaeton, r&b, hits, hip-hop, afrobeat	PEGAO
Ku Barcelona	10	11	Sun	00:00	05:45	18	techno	RED ROOM | LA DOS
Ku Barcelona	10	11	Sun	23:30	05:00	18	techno	SIGHT
Ku Barcelona	10	12	Mon	00:00	05:45	18	reggaeton, r&b, afrobeat, comercial	RED ROOM | DLOCOS
Ku Barcelona	10	12	Mon	23:45	05:00	18	reggaeton, r&b, hits, afrobeat	MONEY MONDAYS
Ku Barcelona	10	13	Tue	23:45	05:00	18	reggaeton, r&b, hits, hip-hop, afrobeat	BADASS
Ku Barcelona	10	14	Wed	23:45	05:00	18	reggaeton, r&b, hits, hip-hop, afrobeat	GUAYA PROJECT
Ku Barcelona	10	15	Thu	23:45	05:00	18	reggaeton, r&b, hits, hip-hop, afrobeat	BAE
Ku Barcelona	10	16	Fri	23:45	05:45	18	reggaeton, r&b, hits, hip-hop, afrobeat	FRIYAY
Ku Barcelona	10	17	Sat	00:00	05:45	18	house, tech-house	RED ROOM | AVALON
Ku Barcelona	10	17	Sat	23:45	05:45	18	reggaeton, r&b, hits, hip-hop, afrobeat	PEGAO
Ku Barcelona	10	18	Sun	00:00	05:45	18	techno	RED ROOM | LA DOS
Ku Barcelona	10	18	Sun	23:30	05:00	18	house, tech-house	Janse
Ku Barcelona	10	19	Mon	00:00	05:45	18	reggaeton, r&b, afrobeat, comercial	RED ROOM | DLOCOS
Ku Barcelona	10	19	Mon	23:45	05:00	18	reggaeton, r&b, hits, afrobeat	MONEY MONDAYS
Ku Barcelona	10	20	Tue	23:45	05:00	18	reggaeton, r&b, hits, hip-hop, afrobeat	BADASS
Ku Barcelona	10	21	Wed	23:45	05:00	18	reggaeton, r&b, hits, hip-hop, afrobeat	GUAYA PROJECT
Ku Barcelona	10	22	Thu	23:45	05:00	18	reggaeton, r&b, hits, hip-hop, afrobeat	BAE
Ku Barcelona	10	23	Fri	23:45	05:45	18	reggaeton, r&b, hits, hip-hop, afrobeat	FRIYAY
Ku Barcelona	10	24	Sat	00:00	05:45	18	house, tech-house	RED ROOM | AVALON
Ku Barcelona	10	24	Sat	23:45	04:45	18	reggaeton, r&b, hits, hip-hop, afrobeat	BLAVICIO
Ku Barcelona	10	25	Sun	00:00	04:45	18	techno	RED ROOM | LA DOS
Ku Barcelona	10	25	Sun	23:00	04:45	18	reggaeton, r&b, afrobeat, comercial	RED ROOM | DLOCOS
Ku Barcelona	10	25	Sun	23:30	05:00	18	techno	SIGHT
Ku Barcelona	10	26	Mon	23:45	05:00	18	reggaeton, r&b, hits, afrobeat	MONEY MONDAYS
Ku Barcelona	10	27	Tue	23:45	05:00	18	reggaeton, r&b, hits, hip-hop, afrobeat	BADASS
Ku Barcelona	10	28	Wed	23:45	05:00	18	reggaeton, r&b, hits, hip-hop, afrobeat	GUAYA PROJECT
Ku Barcelona	10	29	Thu	23:45	05:00	18	reggaeton, r&b, hits, hip-hop, afrobeat	BAE Special Halloween
Ku Barcelona	10	30	Fri	23:45	05:45	18	reggaeton, r&b, hits, hip-hop, afrobeat	FRIYAY Special Halloween
Ku Barcelona	10	31	Sat	00:00	05:45	18	house, tech-house	RED ROOM | AVALON
Ku Barcelona	10	31	Sat	23:45	05:45	18	reggaeton, r&b, hits, hip-hop, afrobeat	PEGAO Special Halloween
Ku Barcelona	10	1	Sun	00:00	05:45	18	techno	RED ROOM | LA DOS
Ku Barcelona	11	2	Mon	00:30	06:00	18	techno	SIGHT Special Halloween
Ku Barcelona	11	2	Mon	23:45	05:00	18	reggaeton, r&b, hits, afrobeat	MONEY MONDAYS
SUTTON BARCELONA	9	18	Fri	00:00	05:00	20	reggaeton, hits	Jolie Thursdays
SUTTON BARCELONA	9	18	Fri	20:30	23:30	18		MAMÁ BAILA
SUTTON BARCELONA	9	19	Sat	00:15	06:00	23	reggaeton, pop, hits	Fridays at Sutton
SUTTON BARCELONA	9	19	Sat	23:45	06:00	23	reggaeton, pop, hits	THIS IS SUTTON
SUTTON BARCELONA	9	25	Fri	00:00	05:00	20	reggaeton, hits	Jolie Thursdays | It’s a MATCH!
SUTTON BARCELONA	9	26	Sat	00:15	06:00	23	reggaeton, pop, hits	Fridays at Sutton
SUTTON BARCELONA	9	26	Sat	23:45	06:00	23	reggaeton, pop, hits	THIS IS SUTTON
SUTTON BARCELONA	9	30	Wed	23:45	05:30	18	reggaeton, hits	POLARIS Wednesdays
SUTTON BARCELONA	10	2	Fri	00:00	05:00	20	reggaeton, hits	Jolie Thursdays
SUTTON BARCELONA	10	2	Fri	23:45	06:00	23	reggaeton, pop, hits	Fridays at Sutton | CSIO Afterparty
SUTTON BARCELONA	10	3	Sat	23:45	06:00	23	reggaeton, pop, hits	THIS IS SUTTON | CSIO Afterparty
SUTTON BARCELONA	10	7	Wed	23:45	05:30	18	reggaeton, hits	POLARIS Wednesdays
SUTTON BARCELONA	10	9	Fri	00:00	05:00	20	reggaeton, hits	Jolie Thursdays
SUTTON BARCELONA	10	9	Fri	23:45	06:00	23	reggaeton, pop, hits	Fridays at Sutton
SUTTON BARCELONA	10	10	Sat	23:45	06:00	23	reggaeton, pop, hits	THIS IS SUTTON
SUTTON BARCELONA	10	14	Wed	23:45	05:30	18	reggaeton, hits	POLARIS Wednesdays
SUTTON BARCELONA	10	16	Fri	00:00	05:00	20	reggaeton, hits	Jolie Thursdays
SUTTON BARCELONA	10	16	Fri	23:45	06:00	23	reggaeton, pop, hits	Fridays at Sutton
SUTTON BARCELONA	10	17	Sat	23:45	06:00	23	reggaeton, pop, hits	THIS IS SUTTON
SUTTON BARCELONA	10	21	Wed	23:45	05:30	18	reggaeton, hits	POLARIS Wednesdays
SUTTON BARCELONA	10	23	Fri	00:00	05:00	20	reggaeton, hits	Jolie Thursdays
SUTTON BARCELONA	10	23	Fri	23:45	06:00	23	reggaeton, pop, hits	Fridays at Sutton
SUTTON BARCELONA	10	24	Sat	23:45	06:00	23	reggaeton, pop, hits	THIS IS SUTTON
SUTTON BARCELONA	10	28	Wed	23:45	05:30	18	reggaeton, hits	POLARIS Wednesdays | HALLOWEEK
SUTTON BARCELONA	10	30	Fri	00:00	05:00	20	reggaeton, hits	Jolie Thursdays | HALLOWEEK
SUTTON BARCELONA	10	30	Fri	23:45	06:00	23	reggaeton, pop, hits	Fridays at Sutton | HALLOWEEK
SUTTON BARCELONA	10	1	Sun	00:00	06:00	21	reggaeton, hits, dance	HALLOWEEN 2026
SUTTON BARCELONA	12	1	Fri	00:00	07:00	21	reggaeton, hits, dance	New Year's Eve 2027
DOWNTOWN BARCELONA	9	17	Thu	23:59	05:00	18	reggaeton, hits	WILD THURSDAY - DOWNTOWN
DOWNTOWN BARCELONA	9	18	Fri	23:59	06:00	18	reggaeton, hits	PULSE OF FRIDAY - DOWNTOWN
DOWNTOWN BARCELONA	9	19	Sat	23:59	06:00	18	reggaeton, hits	THE VIBE SATURDAY - DOWNTOWN
DOWNTOWN BARCELONA	9	23	Wed	23:59	05:00	18	reggaeton, hits, comercial, old-school	SHARK™ 🦈 DOWNTOWN
DOWNTOWN BARCELONA	9	23	Wed	23:59	05:00	18	reggaeton, pop, hits, comercial, old-school	T'ESTIMU™ 💋 DOWNTOWN
DOWNTOWN BARCELONA	9	24	Thu	23:59	05:00	18	reggaeton, hits	WILD THURSDAY - DOWNTOWN
DOWNTOWN BARCELONA	9	25	Fri	23:59	06:00	18	reggaeton, hits	PULSE OF FRIDAY - DOWNTOWN
DOWNTOWN BARCELONA	9	26	Sat	23:59	06:00	18	reggaeton, hits	THE VIBE SATURDAY - DOWNTOWN
DOWNTOWN BARCELONA	10	1	Thu	23:59	05:00	18	reggaeton, hits	WILD THURSDAY - DOWNTOWN
DOWNTOWN BARCELONA	10	2	Fri	23:59	06:00	18	reggaeton, hits	PULSE OF FRIDAY - DOWNTOWN
DOWNTOWN BARCELONA	10	3	Sat	23:59	06:00	18	reggaeton, hits	THE VIBE SATURDAY - DOWNTOWN
DOWNTOWN BARCELONA	10	8	Thu	23:59	05:00	18	reggaeton, hits	WILD THURSDAY - DOWNTOWN
DOWNTOWN BARCELONA	10	9	Fri	23:59	06:00	18	reggaeton, hits	PULSE OF FRIDAY - DOWNTOWN
DOWNTOWN BARCELONA	10	10	Sat	23:59	06:00	18	reggaeton, hits	THE VIBE SATURDAY - DOWNTOWN
DOWNTOWN BARCELONA	10	15	Thu	23:59	05:00	18	reggaeton, hits	WILD THURSDAY - DOWNTOWN
DOWNTOWN BARCELONA	10	16	Fri	23:59	06:00	18	reggaeton, hits	PULSE OF FRIDAY - DOWNTOWN
DOWNTOWN BARCELONA	10	17	Sat	23:59	06:00	18	reggaeton, hits	5º ANIVERSARIO - DOWNTOWN
DOWNTOWN BARCELONA	10	22	Thu	23:59	05:00	18	reggaeton, hits	WILD THURSDAY - DOWNTOWN
DOWNTOWN BARCELONA	10	23	Fri	23:59	06:00	18	reggaeton, hits	PULSE OF FRIDAY - DOWNTOWN
DOWNTOWN BARCELONA	10	24	Sat	23:59	05:00	18	reggaeton, hits	THE VIBE SATURDAY - DOWNTOWN
DOWNTOWN BARCELONA	10	29	Thu	23:59	05:00	18	reggaeton, hits	WILD THURSDAY - DOWNTOWN
DOWNTOWN BARCELONA	10	30	Fri	23:59	06:00	18	reggaeton, hits	PULSE OF FRIDAY - DOWNTOWN
Twenties Barcelona	9	19	Sat	00:00	06:00	18	reggaeton, hits, house, comercial	PLAYFUL
Twenties Barcelona	9	20	Sun	00:00	06:00	18	reggaeton, hits, house, comercial, afro-house	CLASSIC XX’
Twenties Barcelona	9	26	Sat	00:00	06:00	18	reggaeton, hits, house, comercial	PLAYFUL
Twenties Barcelona	9	27	Sun	00:00	06:00	18	reggaeton, hits, house, comercial, afro-house	CLASSIC XX’
Twenties Barcelona	10	3	Sat	00:00	06:00	18	reggaeton, hits, house, comercial	PLAYFUL
Twenties Barcelona	10	10	Sat	00:00	06:00	18	reggaeton, hits, house, comercial	PLAYFUL OKTOBER
Twenties Barcelona	10	17	Sat	00:00	06:00	18	reggaeton, hits, house, comercial	PLAYFUL
Twenties Barcelona	10	24	Sat	00:00	06:00	18	reggaeton, hits, house, comercial	PLAYFUL
Twenties Barcelona	10	31	Sat	00:00	06:00	18	reggaeton, hits, house, comercial	PLAYFUL HALLOWEEK
Bling Bling BCN	9	18	Fri	00:30	05:00	21	reggaeton, hits	RITA
Bling Bling BCN	9	19	Sat	00:30	06:00	25	hits, comercial	Friday Night
Bling Bling BCN	9	20	Sun	00:30	06:00	25	hits, comercial	Saturday Night
Bling Bling BCN	9	24	Thu	00:30	05:00	18	reggaeton, hits	Mamma x Wild
Bling Bling BCN	9	25	Fri	00:30	05:00	21	reggaeton, hits	RITA
Bling Bling BCN	9	26	Sat	00:30	06:00	25	hits, comercial	Friday Night
Bling Bling BCN	9	27	Sun	00:30	06:00	25	hits, comercial	Saturday Night
Bling Bling BCN	9	1	Thu	00:30	05:00	18	reggaeton, hits	Mamma x Wild
Bling Bling BCN	10	2	Fri	00:30	05:00	21	reggaeton, hits	RITA
Bling Bling BCN	10	3	Sat	00:30	06:00	25	hits, comercial	Friday Night
Bling Bling BCN	10	3	Sat	18:30	22:30	30	remember	JM90 TARDEO
Bling Bling BCN	10	4	Sun	00:30	06:00	25	hits, comercial	Saturday Night
Bling Bling BCN	10	8	Thu	00:30	05:00	18	reggaeton, hits	Mamma x Wild
Bling Bling BCN	10	9	Fri	00:30	05:00	21	reggaeton, hits	RITA
Bling Bling BCN	10	10	Sat	00:30	06:00	25	hits, comercial	Friday Night
Bling Bling BCN	10	11	Sun	00:30	06:00	25	hits, comercial	Saturday Night
Bling Bling BCN	10	12	Mon	00:30	06:00	18	reggaeton, hits	Sunday Funday
Bling Bling BCN	10	12	Mon	00:30	06:00	18	reggaeton, hits	EL ROCÍO BARCELONA
Bling Bling BCN	10	15	Thu	00:30	05:00	18	reggaeton, hits	Mamma x Wild
Bling Bling BCN	10	16	Fri	00:30	05:00	21	reggaeton, hits	RITA
Bling Bling BCN	10	17	Sat	00:30	06:00	25	hits, comercial	Friday Night
Bling Bling BCN	10	18	Sun	00:30	06:00	25	hits, comercial	Saturday Night
Bling Bling BCN	10	22	Thu	00:30	05:00	18	reggaeton, hits	Mamma x Wild
Bling Bling BCN	10	23	Fri	00:30	05:00	21	reggaeton, hits	RITA
Bling Bling BCN	10	24	Sat	00:30	06:00	25	hits, comercial	Friday Night
Bling Bling BCN	10	25	Sun	00:30	05:00	25	hits, comercial	Saturday Night
Bling Bling BCN	10	29	Thu	00:30	05:00	18	reggaeton, hits	Mamma x Wild
Bling Bling BCN	10	30	Fri	00:30	05:00	21	reggaeton, hits	RITA
Bling Bling BCN	10	31	Sat	00:30	06:00	25	hits, comercial	Friday Night
Bling Bling BCN	11	5	Thu	00:30	05:00	18	reggaeton, hits	Mamma x Wild
Bling Bling BCN	11	6	Fri	00:30	05:00	21	reggaeton, hits	RITA
Bling Bling BCN	11	7	Sat	00:30	06:00	25	hits, comercial	Friday Night
Bling Bling BCN	11	8	Sun	00:30	06:00	25	hits, comercial	Saturday Night
Bling Bling BCN	11	12	Thu	00:30	05:00	18	reggaeton, hits	Mamma x Wild
Bling Bling BCN	11	13	Fri	00:30	05:00	21	reggaeton, hits	RITA
Bling Bling BCN	11	14	Sat	00:30	06:00	25	hits, comercial	Friday Night
Bling Bling BCN	11	15	Sun	00:30	06:00	25	hits, comercial	Saturday Night
Bling Bling BCN	11	19	Thu	00:30	05:00	18	reggaeton, hits	Mamma x Wild
Bling Bling BCN	11	20	Fri	00:30	05:00	21	reggaeton, hits	RITA
Bling Bling BCN	11	21	Sat	00:30	06:00	25	hits, comercial	Friday Night
Bling Bling BCN	11	22	Sun	00:30	06:00	25	hits, comercial	Saturday Night
Bling Bling BCN	11	26	Thu	00:30	05:00	18	reggaeton, hits	Mamma x Wild
Bling Bling BCN	11	27	Fri	00:30	05:00	21	reggaeton, hits	RITA
Bling Bling BCN	11	28	Sat	00:30	06:00	25	hits, comercial	Friday Night
Bling Bling BCN	11	29	Sun	00:30	06:00	25	hits, comercial	Saturday Night
Bling Bling BCN	12	3	Thu	00:30	05:00	18	reggaeton, hits	Mamma x Wild
Bling Bling BCN	12	4	Fri	00:30	05:00	21	reggaeton, hits	RITA
Bling Bling BCN	12	5	Sat	00:30	06:00	25	hits, comercial	Friday Night
Bling Bling BCN	12	6	Sun	00:30	06:00	25	hits, comercial	Saturday Night
Bling Bling BCN	12	8	Tue	00:30	05:00	18	reggaeton, hits	Midnight Monday /Monday Society
Bling Bling BCN	12	10	Thu	00:30	05:00	18	reggaeton, hits	Mamma x Wild
Bling Bling BCN	12	11	Fri	00:30	05:00	21	reggaeton, hits	RITA
Bling Bling BCN	12	12	Sat	00:30	06:00	25	hits, comercial	Friday Night
Bling Bling BCN	12	13	Sun	00:30	06:00	25	hits, comercial	Saturday Night
Bling Bling BCN	12	17	Thu	00:30	05:00	18	reggaeton, hits	Mamma x Wild
Bling Bling BCN	12	18	Fri	00:30	05:00	21	reggaeton, hits	RITA
Bling Bling BCN	12	19	Sat	00:30	06:00	25	hits, comercial	Friday Night
Bling Bling BCN	12	20	Sun	00:30	06:00	25	hits, comercial	Saturday Night
Bling Bling BCN	12	24	Thu	00:30	05:00	18	reggaeton, hits	Mamma x Wild
Bling Bling BCN	12	31	Thu	00:30	05:00	18	reggaeton, hits	Mamma x Wild
HYPE BARCELONA	9	18	Fri	00:00	05:00	17	reggaeton, hits	HYPE x SOMFESTES | UPC FARRA
HYPE BARCELONA	9	19	Sat	00:00	06:00	18	reggaeton, hits	HYPE FRIDAYS | WILD WEST
HYPE BARCELONA	9	24	Thu	00:00	05:00	18	reggaeton, hits	HYPE x LA MERCÈ
HYPE BARCELONA	9	25	Fri	00:00	05:00	17	reggaeton, hits	HYPE x SOMFESTES | UB FEST
HYPE BARCELONA	9	26	Sat	00:00	06:00	18	reggaeton, hits	HYPE FRIDAYS x PECADO
HYPE BARCELONA	10	2	Fri	00:00	05:00	18	reggaeton, hits	HYPE x SOMFESTES | MASIA
OTTO ZUTZ	9	18	Fri	00:00	05:00	18	reggaeton, hits, underground	BLANCHARD OPENING
OTTO ZUTZ	9	19	Sat	00:00	06:00	18	reggaeton, hits, underground	FRIDAY BY OTTO ZUTZ
OTTO ZUTZ	9	20	Sun	00:00	06:00	18	reggaeton, hits, hip-hop	LA CASITA CLUB
OTTO ZUTZ	9	24	Thu	00:00	06:00	18	reggaeton, hits, old-school	DIRTY 787 x OTTO ZUTZ
OTTO ZUTZ	9	25	Fri	00:00	06:00	18	reggaeton, hits, underground	BREAK OUT B4F
OTTO ZUTZ	9	26	Sat	00:00	06:00	18	reggaeton, hits, underground	FRIDAY BY OTTO ZUTZ
OTTO ZUTZ	9	27	Sun	00:00	06:00	18	reggaeton, hits, hip-hop	LA CASITA CLUB
OTTO ZUTZ	10	3	Sat	00:00	06:00	18	reggaeton, hits, underground	FRIDAY BY OTTO ZUTZ
OTTO ZUTZ	10	4	Sun	00:00	06:00	18	reggaeton, hits, hip-hop	LA CASITA CLUB
OTTO ZUTZ	10	10	Sat	00:00	06:00	18	reggaeton, hits, underground	FRIDAY BY OTTO ZUTZ
OTTO ZUTZ	10	11	Sun	00:00	06:00	18	reggaeton, hits, hip-hop	LA CASITA CLUB
OTTO ZUTZ	10	11	Sun	23:45	05:00	16	reggaeton, hits, house	QUIÉN DIJO QUE LAS SEGUNDAS PARTES... - REX
OTTO ZUTZ	10	17	Sat	00:00	06:00	18	reggaeton, hits, underground	FRIDAY BY OTTO ZUTZ
OTTO ZUTZ	10	24	Sat	00:00	06:00	18	reggaeton, hits, underground	FRIDAY BY OTTO ZUTZ
OTTO ZUTZ	10	31	Sat	00:00	06:00	18	reggaeton, hits, underground	FRIDAY BY OTTO ZUTZ
La Biblio BCN	9	18	Fri	00:00	05:00	18	reggaeton	Jueves de LA BIBLIO - Greenlight
La Biblio BCN	9	19	Sat	00:00	06:00	21	reggaeton	Viernes - OFFICIAL PARTY
La Biblio BCN	9	20	Sun	00:00	06:00	22	reggaeton	Sábado - Noche OPEN DECK REGGEATON ANTIGUO
La Biblio BCN	9	24	Thu	00:00	05:30	18	reggaeton	Miércoles de LA BIBLIO - VÍSPERA DE FESTIVO
La Biblio BCN	9	25	Fri	00:00	05:00	18	reggaeton	Jueves de LA BIBLIO
La Biblio BCN	9	26	Sat	00:00	06:00	21	reggaeton	Viernes
La Biblio BCN	9	27	Sun	00:00	06:00	23	reggaeton	Sábado - Noche
BASTIAN BEACH	9	18	Fri	11:00	19:00	18		Pool Area
BASTIAN BEACH	9	19	Sat	08:30	13:00	18		Limpieza de playa y del fondo marino - Día Mundial de la Limpieza de Playas
BASTIAN BEACH	9	19	Sat	11:00	19:00	18		Pool Area
BASTIAN BEACH	9	20	Sun	11:00	19:00	18		Pool Area
BASTIAN BEACH	9	21	Mon	11:00	19:00	18		Pool Area
BASTIAN BEACH	9	22	Tue	11:00	19:00	18		Pool Area
BASTIAN BEACH	9	23	Wed	11:00	19:00	18		Pool Area
BASTIAN BEACH	9	24	Thu	11:00	19:00	18		Pool Area
BASTIAN BEACH	9	25	Fri	11:00	19:00	18		Pool Area
BASTIAN BEACH	9	26	Sat	11:00	19:00	18		Pool Area
BASTIAN BEACH	9	27	Sun	11:00	19:00	18		Pool Area
BASTIAN BEACH	9	28	Mon	11:00	19:00	18		Pool Area
BASTIAN BEACH	9	29	Tue	11:00	19:00	18		Pool Area
BASTIAN BEACH	9	30	Wed	11:00	19:00	18		Pool Area
BASTIAN BEACH	9	17	Thu	11:00	19:00	18		Pool Area
El Tardet Barcelona	9	17	Thu	19:00	00:00	23		JUEVES - AFTERWORK JALEO
La Biblio BCN	9	18	Fri	00:00	05:00	18	reggaeton	Jueves de LA BIBLIO - COLLEGE PARTY
Boris	9	18	Fri	00:30	05:00	20	house	JAUSET - Opening Party
El Tardet Barcelona	9	18	Fri	19:00	00:00	23		VIERNES - TARDEO JALEO
El Tardet Barcelona	9	18	Fri	19:00	01:00	23		VIERNES - Tardeo frente al mar en ALBURA
Nu Bcn	9	18	Fri	20:30	02:30	21		FEELS GOOD TO BE BACK
DISCOTECA MON MADRID	9	18	Fri	23:45	05:45	18		VIERNES MON - SOCIAL PARTY
La Fira Casanova	9	18	Fri	23:45	05:30	18	reggaeton, hits, dance, comercial	La Fira Casanova · Friday
NIX BARCELONA	9	19	Sat	00:00	06:00	18		AMOR Y AMISTAD
La Fira Villarroel	9	19	Sat	00:00	05:30	18	reggaeton, pop, disco, comercial, old-school	La Fira Villaroel · FRIDAY AT MIDNIGHT
ETNIA	9	19	Sat	00:00	06:00	18		Alcoholimpiadas x KALEA
Boris	9	19	Sat	00:30	06:00	21	house	18.09 Read the News
El Tardet Barcelona	9	19	Sat	17:30	00:00	23		SÁBADO - TARDEO JALEO
NIX BARCELONA	9	19	Sat	18:00	22:30	18		Tardeo Long Play 80
La Fira Provença	9	19	Sat	18:00	03:30	40	disco	TARDEO XXL LA FIRA PROVENÇA 80S 90S 00S ACTUAL (18H A 3:30H)
El Tardet Barcelona	9	19	Sat	18:00	01:00	23		SÁBADO - TARDEO CON VISTAS AL MAR en ALBURA
El Tardet Barcelona	9	19	Sat	19:00	01:00	23		SÁBADO - Closing TARDET SOBRE EL MAR x TIME OUT MARKET (Edición Verano)
ATLANTIC CLUB	9	19	Sat	23:00	06:00	18		LOW-K'S PARTY
Duvet	9	19	Sat	23:30	05:00	40	hits, disco	DUVET
La Fira Casanova	9	19	Sat	23:45	05:30	18	reggaeton, hits, dance, comercial	La Fira Casanova · Saturday
DISCOTECA MON MADRID	9	19	Sat	23:45	05:45	18		SÁBADO MON - SOCIAL PARTY
La Fira Villarroel	9	20	Sun	00:00	05:30	18	reggaeton, pop, disco, comercial, old-school	La Fira Villaroel · Saturday
NIX BARCELONA	9	20	Sun	00:00	07:30	18		INVICTA
ETNIA	9	20	Sun	00:00	06:00	21		FIESTA RESI
ETNIA	9	20	Sun	00:00	06:00	18		Alcoholimpiadas x KALEA
COSTA BREVE	9	20	Sun	00:30	06:00	21		BLUEMOON (+21)
Boris	9	20	Sun	00:30	06:00	21	house	19.09 Damian Lazarus
BASTIAN BEACH	9	20	Sun	08:30	10:30	18		Barre & Brunch at Bastian Beach
Brisa Open Air	9	20	Sun	16:30	23:00	18		SIGHT x MARËA pres. Obskür, Rooleh, Saraga, De la Swing, Abdon at BRISA OPEN AIR
4 Latas Club	9	23	Wed	20:00	05:30	23	reggaeton, hits, flamenco	YA PODEMOS BAILAR
Nu Bcn	9	23	Wed	20:30	02:30	18		La Mercè 23 rd
ATLANTIC CLUB	9	23	Wed	23:00	05:45	18		La Casa de ERASMUS TOUCH (Barcelona)
Boris	9	24	Thu	00:30	06:00	21	house	23.09 JAUSET
El Tardet Barcelona	9	24	Thu	19:00	00:00	23		JUEVES - TARDEO JALEO
Nu Bcn	9	24	Thu	20:30	02:30	21		La Mercè 24th
DISCOTECA MON MADRID	9	24	Thu	23:45	06:00	18	reggaeton, pop, hits	JUEVES Last Night X Mon - GRAND OPENING
Boris	9	25	Fri	00:30	05:00	18	house	24.09 PAX ARABIANA
El Tardet Barcelona	9	25	Fri	19:00	01:00	23		VIERNES - Tardeo frente al mar en ALBURA
El Tardet Barcelona	9	25	Fri	19:00	00:00	23		VIERNES - TARDEO JALEO
DISCOTECA MON MADRID	9	25	Fri	23:45	05:45	18		VIERNES MON - OPÁ PARTY
La Fira Casanova	9	25	Fri	23:45	05:30	18	reggaeton, hits, dance, comercial	La Fira Casanova · Friday
ETNIA	9	26	Sat	00:00	06:00	18		MISSION 1
Boris	9	26	Sat	00:30	06:00	21	house	25.09
El Tardet Barcelona	9	26	Sat	17:30	00:00	23		SÁBADO - TARDEO JALEO
El Tardet Barcelona	9	26	Sat	18:00	23:45	23		TARDETAZO x SUTTON (Opening temporada)
La Fira Provença	9	26	Sat	18:00	03:30	40	disco	TARDEO XXL LA FIRA PROVENÇA 80S 90S 00S ACTUAL (18H A 3:30H)
NIX BARCELONA	9	26	Sat	18:00	22:30	18		Tardeo Long Play 80
El Tardet Barcelona	9	26	Sat	18:00	01:00	23		SÁBADO - TARDEO CON VISTAS AL MAR en ALBURA
La Fira Casanova	9	26	Sat	23:45	05:30	18	reggaeton, hits, dance, comercial	La Fira Casanova · Saturday
DISCOTECA MON MADRID	9	26	Sat	23:45	05:45	18		SÁBADO MON - OPÁ PARTY
La Fira Villarroel	9	27	Sun	00:00	05:30	18	reggaeton, pop, disco, comercial, old-school	La Fira Villaroel · Saturday
ETNIA	9	27	Sun	00:00	06:00	18		MISSION 1
Boris	9	27	Sun	00:30	06:00	21	house	26.09 Pole Position
COSTA BREVE	9	27	Sun	00:30	06:00	21		BLUEMOON (+21)
El Tardet Barcelona	10	1	Thu	19:00	00:00	23		JUEVES - AFTERWORK JALEO
COSTA BREVE	10	2	Fri	00:00	05:00	18		SUPERJUEVES | Copas a 3 €
Boris	10	2	Fri	00:30	05:00	18	house	01.10 JAUSET x El Groove
El Tardet Barcelona	10	2	Fri	19:00	00:00	23		VIERNES - TARDEO JALEO
4 Latas Club	10	2	Fri	20:00	23:30	40		TARDEO MENCHUERO
ETNIA	10	3	Sat	00:00	06:00	18		Bienvenida Campus Sur
Boris	10	3	Sat	00:30	06:00	21	house	02.10 Cristi Cons, Londonground, Sepp
