tier,venue,reviews,rating,engine,website,phone,neighborhood,club_id,vip_url
A,Razzmatazz,22881,4.2,fourvenues,http://www.salarazzmatazz.com/,933 20 82 00,Poblenou,dadeacfd-ccec-4cb0-82d0-f597bf3229f5,https://site.fourvenues.com/es/gira-camin/events/camin-en-barcelona-razzmatazz-05-09-2026-2BWW
A,Malalts de Festa,9390,4.5,fourvenues,https://www.malaltsdefesta.com/,933 77 56 55,,ee8acd09-b197-439c-b0fd-d1d44a1ef367,https://malaltsdefesta.com/
A,Ku (formerly Pacha),8950,3.2,fourvenues,http://www.kubarcelona.com/,932 21 56 28,Barceloneta,d184f2f1-8db3-4d03-ae11-ad19b650894d,
A,Opium Barcelona Restaurant and Club,8478,3.5,fourvenues,https://opiumbarcelona.com/,655 57 69 98,,b3f7747f-d911-490d-a688-d04add6a1c8b,https://opiumbarcelona.com/vip/
A,Ilusion,6913,4,fourvenues,http://www.luzdegas.com/,932 09 77 11,,27b8c01a-ff7e-437c-b746-bb03d7ee67ee,
A,CDLC Barcelona (Carpe Diem),4641,4.1,fourvenues,http://www.cdlcbarcelona.com/,932 24 04 70,,d649395c-d3db-4397-b200-42b575d1738a,https://cdlcbarcelona.com/sales/
A,Bling Bling Barcelona,3590,3.2,fourvenues,http://www.blingblingbcn.com/,664 24 42 09,,07ce6a58-ceee-48e4-89ce-3c3e6b6ff2b2,
A,Twenties Barcelona,3182,3.3,fourvenues,http://www.twentiesbarcelona.com/,611 25 15 92,,3c3716e0-0361-4a62-b4d2-ec1eb5d00bbb,https://twentiesbarcelona.com/vip-experience/
A,Barroko's,2638,3.5,fourvenues,http://www.discotecabarrokos.com/,932 01 13 77,,8d662e23-78e0-4cba-8355-863188ad453f,https://site.fourvenues.com/es/barrokos-barcelona
A,Downtown Barcelona,1731,3.2,fourvenues,https://downtownbarcelona.es/,676 24 39 07,,60d6f94e-26cc-4d24-bacc-8a255e1c7924,https://www.fourvenues.com/es/downtown-barcelona
B,Sala Apolo,12013,4.2,notikumi,https://www.sala-apolo.com/es/?utm_source=Google+Maps&utm_medium=Google+Maps&utm_campaign=Ficha+Maps,934 41 40 01,Poble Sec,81246c15-024d-4fc2-b7f4-f2cc6a62e528,
B,Shôko,10405,3.7,notikumi,https://shoko.biz/es/collections/eventos-shoko-barcelona,932 25 92 00,,ddca5d10-9b4f-47c4-81a2-2c36bef77e49,https://wa.me/34663701082
B,Eleven Shisha Lounge Barcelona & Cocktails,4401,4.9,covermanager,https://elevenshishalounge.com/,646 59 60 48,,5dbc19ed-6f1d-44f0-992d-b45565b94e01,
B,Bar Americano,2751,4.7,covermanager,http://redgarter1962.com/es/barcelona,932 52 65 39,,fc50fc09-f31d-46e7-b8f1-da75e9e9dbd2,
C,Mendrugo,12511,4.7,wix,http://casadelmendrugo.com/,222 326 8060,,6f6c13bd-5194-4d6d-85cf-84c3953338f9,
C,The George Payne,6901,4.1,woocommerce,https://thegeorgepayne.com/,934 81 52 94,,14e90b3e-b231-4c4a-8a88-9db1bdaefad3,https://thegeorgepayne.com/group-bookings/
C,Otto Zutz Club,5326,3.3,wix,https://www.ottozutz.com/,669 26 64 10,,b9bc5258-4349-4f05-af59-6556d961524a,https://www.ottozutz.com/events/la-casita-club-2026-08-29-23-59
C,Sutton Club Barcelona,5145,3.1,whatsapp,https://www.suttonbarcelona.com/,689 78 50 46,,e0cf6310-28e5-4117-ad5f-01179f87d8fd,https://suttonbarcelona.com/eventos/
C,Slow Barcelona,3889,4.5,woocommerce,https://www.slowbarcelona.es/,933 68 14 55,,055e07ef-1799-43bd-932d-6484ca045319,https://www.slowbarcelona.es/reservas/mesas-en-cocteleria/
C,Gatsby,3810,4.1,none,https://gatsbybarcelona.com/,937 00 44 53,,e1224533-c643-4096-aab2-b9126dc1ab65,
C,Moog,3530,4,woocommerce,https://moogbarcelona.com/,933 19 17 89,,21e54b7e-0e71-42fa-a78e-d6b80454448f,https://moogbarcelona.com/agenda/
C,Hyde Club Barcelona,1853,3.8,squarespace,https://www.hydebcn.com/,684 75 93 95,,1f32b951-0baa-4703-bccf-49ff91118cab,
C,Costa Breve,1678,3,none,https://grupocostabreve.com/,655 78 50 96,,dbf8342b-e7b8-4f27-97d2-5982bc4a3947,
C,El Nou Buddha,1569,4.1,none,https://funkybuddhabanus.com/,932 25 81 51,,66504c59-bd59-442b-9465-d706a94ef134,
C,Big Bang Bar,1555,4.5,wix,http://www.bigbangbar.net/,,,99963c1c-dbdb-4c3b-a8de-e4c4ae0aa3e3,
C,YouBarcelona - Lista Isaac (Discotecas / Night Clubs),1503,4.9,whatsapp,https://youbarcelona.com/,627 09 92 53,,bb1ccdfc-79e0-468b-b430-87342df8f93f,https://youbarcelona.com/es
C,La Biblio,1433,3.6,whatsapp,https://www.labibliobcn.com/,658 25 38 42,,1a49859c-ebcf-417a-b025-3dd84bcb1d54,
C,Arena Xperience,1400,3.9,whatsapp,http://www.arenadisco.com/,934 87 83 42,,a3fa5a96-cbfc-4027-87af-bbb71e28a3dd,
C,M7 Club Barcelona,1254,4.4,wix,http://www.m7club.es/,666 12 47 01,,fd034a94-314c-4eda-8ad8-1640edf8f63d,https://www.m7club.es/tickets
C,sons in law,1188,4.2,none,https://www.instagram.com/summum.bar?igsh=MW44dWwxZ2thMzAzZg==,933 23 46 27,,8ec619ad-c985-4e35-aed6-500c3150e4e0,
C,LA ROSE SHISHA LOUNGE BAR,1157,4.7,whatsapp,https://larosebar.github.io/LaRose/#cocktails-id,671 64 74 88,,b34a3205-8b5b-4190-900e-e8be76ba6bba,
D,Sala Bikini,1914,3.9,dice,https://www.bikinibcn.com/,933 22 08 00,,c608e5fc-7c4e-4300-8d17-b99d5def9023,https://bikinibcn.com/club/
D,Marula Cafè,1909,4.3,dice,http://www.marulacafe.com/,933 18 76 90,,4462180a-5a6e-45ef-9900-52840f6a8f99,
D,La Terrrazza Barcelona,1400,4.1,dice,http://laterrrazza.com/,687 96 98 25,,68dd8349-0b15-4cfc-ba53-479c92bc39dc,https://dice.fm/event/oedapr-churros-con-chocolate-open-air-30th-aug-la-terrrazza-barcelona-tickets
D,INPUT - High Fidelity Dance Club,1233,4.1,dice,https://www.inputbcn.com/,669 49 41 13,,b9b9c400-7d15-4b0b-b375-7fdd4a3bc883,https://inputbcn.com/evento/outro-official-afterparty-5/
